{"cameraMode":{"drawMode":0,"name":"Shaded","section":"Shading Mode"},"sceneLighting":false,"audioPlay":false,"sceneViewState":{"showFog":true,"showMaterialUpdate":false,"showSkybox":true,"showFlares":true,"showImageEffects":true,"showParticleSystems":true},"in2DMode":false,"pivot":{"x":3.9600000381469728,"y":1.8500001430511475,"z":5.119999885559082},"rotation":{"x":0.23727180063724519,"y":0.13097532093524934,"z":-0.032301995903253558,"w":0.9620354771614075},"size":2.9660279750823976,"orthographic":false}