{"cameraMode":{"drawMode":0,"name":"Shaded","section":"Shading Mode"},"sceneLighting":false,"audioPlay":false,"sceneViewState":{"showFog":true,"showMaterialUpdate":false,"showSkybox":true,"showFlares":true,"showImageEffects":true,"showParticleSystems":true},"in2DMode":false,"pivot":{"x":-18.100000381469728,"y":5.909999847412109,"z":-12.739999771118164},"rotation":{"x":0.04958724603056908,"y":-0.6763569116592407,"z":0.04572127386927605,"w":0.7334873676300049},"size":10.0,"orthographic":false}