{"cameraMode":{"drawMode":0,"name":"Shaded","section":"Shading Mode"},"sceneLighting":false,"audioPlay":false,"sceneViewState":{"showFog":true,"showMaterialUpdate":false,"showSkybox":false,"showFlares":true,"showImageEffects":true,"showParticleSystems":true},"in2DMode":false,"pivot":{"x":0.0,"y":1.3895891904830933,"z":-0.07819998264312744},"rotation":{"x":-0.2784198522567749,"y":0.6561063528060913,"z":-0.2850201427936554,"w":-0.6409314274787903},"size":1.2840301990509034,"orthographic":false}