{"cameraMode":{"drawMode":0,"name":"Shaded","section":"Shading Mode"},"sceneLighting":false,"audioPlay":false,"sceneViewState":{"showFog":true,"showMaterialUpdate":false,"showSkybox":true,"showFlares":true,"showImageEffects":true,"showParticleSystems":true},"in2DMode":false,"pivot":{"x":0.25,"y":15.449999809265137,"z":-15.119999885559082},"rotation":{"x":-0.0823841318488121,"y":0.02987555041909218,"z":-0.0025792152155190708,"w":-0.9962385892868042},"size":9.550000190734864,"orthographic":false}