{"cameraMode":{"drawMode":0,"name":"Shaded","section":"Shading Mode"},"sceneLighting":false,"audioPlay":false,"sceneViewState":{"showFog":true,"showMaterialUpdate":false,"showSkybox":true,"showFlares":true,"showImageEffects":true,"showParticleSystems":true},"in2DMode":false,"pivot":{"x":-20.203384399414064,"y":3.2442219257354738,"z":-7.405513763427734},"rotation":{"x":0.04958724603056908,"y":-0.6763569116592407,"z":0.04572127386927605,"w":0.7334873676300049},"size":2.696599006652832,"orthographic":false}