{"cameraMode":{"drawMode":0,"name":"Shaded","section":"Shading Mode"},"sceneLighting":false,"audioPlay":false,"sceneViewState":{"showFog":true,"showMaterialUpdate":false,"showSkybox":true,"showFlares":true,"showImageEffects":true,"showParticleSystems":true},"in2DMode":false,"pivot":{"x":-26.1724796295166,"y":4.614068508148193,"z":4.464825630187988},"rotation":{"x":0.10936292260885239,"y":-0.8197491765022278,"z":0.16706699132919312,"w":0.5369673371315002},"size":6.9782514572143559,"orthographic":false}