{"cameraMode":{"drawMode":0,"name":"Shaded","section":"Shading Mode"},"sceneLighting":false,"audioPlay":false,"sceneViewState":{"showFog":true,"showMaterialUpdate":false,"showSkybox":true,"showFlares":true,"showImageEffects":true,"showParticleSystems":true},"in2DMode":false,"pivot":{"x":0.05892150104045868,"y":-4.96466064453125,"z":24.57037353515625},"rotation":{"x":0.1701103001832962,"y":0.025718549266457559,"z":-0.004441773518919945,"w":0.9850822687149048},"size":22.615493774414064,"orthographic":false}