{"cameraMode":{"drawMode":0,"name":"Shaded","section":"Shading Mode"},"sceneLighting":false,"audioPlay":false,"sceneViewState":{"showFog":true,"showMaterialUpdate":false,"showSkybox":true,"showFlares":true,"showImageEffects":true,"showParticleSystems":true},"in2DMode":false,"pivot":{"x":37.57477951049805,"y":-70.68842315673828,"z":129.55848693847657},"rotation":{"x":-0.24997974932193757,"y":-0.13026432693004609,"z":0.03395872190594673,"w":-0.9589319229125977},"size":86.19830322265625,"orthographic":false}